Type,Name,Request Count,Failure Count,Median Response Time,Average Response Time,Min Response Time,Max Response Time,Average Content Size,Requests/s,Failures/s,50%,66%,75%,80%,90%,95%,98%,99%,99.9%,99.99%,100%
GET,/stats,29011,0,61,83.5989205495692,0.6629999988945201,1104.8181670048507,104.833994002275,991.7204974062001,0.0,61,88,110,120,170,220,430,560,860,1000,1100
GET,/user/session/[id],9835,0,2,3.3198443437746197,0.6301659959717654,272.7694170025643,90.88764616166752,336.2025125638543,0.0,2,3,3,3,5,8,17,25,77,270,270
,Aggregated,38846,0,37,63.27392661238146,0.6301659959717654,1104.8181670048507,101.30306852700407,1327.9230099700544,0.0,37,67,89,100,150,200,340,510,850,980,1100
